Workbook

Sheet Deferred Summary
A1: LatticeWare
A2: Deferred Revenue Summary
A3: For the period ending 8/31/2025
A5: Description | B5: Amount
A6: SaaS Deferred Revenue (Acct 2300)
A7: SaaS billings booked in period | B7: ='SaaS Rev #2300'!O10
A8: SaaS revenue recognized in period | B8: ='SaaS Rev #2300'!O11
A9: SaaS GL balance at 8/31/2025 | B9: ='SaaS Rev #2300'!O13
A11: Services Deferred Revenue (Acct 2310)
A12: Services billings booked in period | B12: ='Services Rev #2310'!O10
A13: Services revenue recognized in period | B13: ='Services Rev #2310'!O11
A14: Services GL balance at 8/31/2025 | B14: ='Services Rev #2310'!O13
A16: Total deferred revenue balance at 8/31/2025 | B16: =B9+B14

Sheet SaaS Rev #2300
A1: LatticeWare
A2: SaaS Deferred Revenue #2300 as of 8/31/2025
A3: Deferred revenue activity from May through August 2025
A4: Customer | B4: Beginning Balance | C4: May | D4: May | E4: May | F4: Jun | G4: Jun | H4: Jun | I4: Jul | J4: Jul | K4: Jul | L4: Aug | M4: Aug | N4: Aug | O4: Contract Months | P4: Notes | Q4: Revenue Code
C5: Billings | D5: Recognition | E5: Ending Balance | F5: Billings | G5: Recognition | H5: Ending Balance | I5: Billings | J5: Recognition | K5: Ending Balance | L5: Billings | M5: Recognition | N5: Ending Balance
A6: Atlas Support | B6: 0 | C6: 48000 | D6: 12000 | E6: 36000 | F6: 12000 | G6: 12000 | H6: 36000 | I6: 0 | J6: 12000 | K6: 24000 | L6: 8000 | M6: 12000 | N6: 20000 | O6: 12 | P6: Annual SaaS contract | Q6: 2300
A7: Birch Cloud | B7: 0 | C7: 36000 | D7: 9000 | E7: 27000 | F7: 0 | G7: 9000 | H7: 18000 | I7: 9000 | J7: 9000 | K7: 18000 | L7: 0 | M7: 9000 | N7: 9000 | O7: 12 | P7: Mid-market renewal | Q7: 2300
A8: Comet Analytics | B8: 0 | C8: 24000 | D8: 6000 | E8: 18000 | F8: 0 | G8: 6000 | H8: 12000 | I8: 0 | J8: 6000 | K8: 6000 | L8: 0 | M8: 6000 | N8: 0 | O8: 12 | P8: Analytics platform | Q8: 2300
A9: Delta Retail | B9: 0 | C9: 0 | D9: 0 | E9: 0 | F9: 30000 | G9: 7500 | H9: 22500 | I9: 0 | J9: 7500 | K9: 15000 | L9: 0 | M9: 7500 | N9: 7500 | O9: 12 | P9: Late-start subscription | Q9: 2300
A10: Period Totals | B10: =SUM(B6:B9) | C10: =SUM(C6:C9) | D10: =SUM(D6:D9) | E10: =SUM(E6:E9) | F10: =SUM(F6:F9) | G10: =SUM(G6:G9) | H10: =SUM(H6:H9) | I10: =SUM(I6:I9) | ... N10: =SUM(N6:N9) | O10: =C10+F10+I10+L10
A11: Ending Balance | E11: =B10+C10-D10 | H11: =E10+F10-G10 | K11: =H10+I10-J10 | N11: =K10+L10-M10 | O11: =D10+G10+J10+M10
A12: Variance | O12: =O13-N13
A13: GL Balance | E13: 81000 | H13: 88500 | K13: 63000 | N13: 36500 | O13: =O10-O11

Sheet Services Rev #2310
A1: LatticeWare
A2: Services Deferred Revenue #2310 as of 8/31/2025
A3: Deferred revenue activity from May through August 2025
A4: Customer | B4: Beginning Balance | C4: May | D4: May | E4: May | F4: Jun | G4: Jun | H4: Jun | I4: Jul | J4: Jul | K4: Jul | L4: Aug | M4: Aug | N4: Aug | O4: Contract Months | P4: Notes | Q4: Revenue Code
C5: Billings | D5: Recognition | E5: Ending Balance | F5: Billings | G5: Recognition | H5: Ending Balance | I5: Billings | J5: Recognition | K5: Ending Balance | L5: Billings | M5: Recognition | N5: Ending Balance
A6: Elm Advisory | B6: 0 | C6: 15000 | D6: 5000 | E6: 10000 | F6: 0 | G6: 5000 | H6: 5000 | I6: 0 | J6: 5000 | K6: 0 | L6: 5000 | M6: 5000 | N6: 0 | O6: 4 | P6: Quarterly enablement | Q6: 2310
A7: Foundry Launch | B7: 0 | C7: 0 | D7: 0 | E7: 0 | F7: 18000 | G7: 6000 | H7: 12000 | I7: 0 | J7: 6000 | K7: 6000 | L7: 0 | M7: 6000 | N7: 0 | O7: 3 | P7: Implementation kickoff | Q7: 2310
A8: Grove Migration | B8: 0 | C8: 9000 | D8: 2250 | E8: 6750 | F8: 0 | G8: 2250 | H8: 4500 | I8: 0 | J8: 2250 | K8: 2250 | L8: 0 | M8: 2250 | N8: 0 | O8: 4 | P8: Migration bundle | Q8: 2310
A9: Harbor Ops | B9: 0 | C9: 0 | D9: 0 | E9: 0 | F9: 0 | G9: 0 | H9: 0 | I9: 12000 | J9: 4000 | K9: 8000 | L9: 0 | M9: 4000 | N9: 4000 | O9: 3 | P9: Go-live support | Q9: 2310
A10: Period Totals | B10: =SUM(B6:B9) | C10: =SUM(C6:C9) | D10: =SUM(D6:D9) | E10: =SUM(E6:E9) | F10: =SUM(F6:F9) | G10: =SUM(G6:G9) | H10: =SUM(H6:H9) | I10: =SUM(I6:I9) | ... N10: =SUM(N6:N9) | O10: =C10+F10+I10+L10
A11: Ending Balance | E11: =B10+C10-D10 | H11: =E10+F10-G10 | K11: =H10+I10-J10 | N11: =K10+L10-M10 | O11: =D10+G10+J10+M10
A12: Variance | O12: =O13-N13
A13: GL Balance | E13: 16750 | H13: 21500 | K13: 16250 | N13: 4000 | O13: =O10-O11
