Workbook

Sheet Refund Summary
A1: Atlas Cloud Commerce
A2: Refund Reserve Summary
A3: For the period ending 11/30/2025
A5: Description | B5: Amount
A6: Enterprise Refund Reserve (Acct 2215)
A7: Enterprise refund accruals in period | B7: ='Enterprise Refunds #2215'!O9
A8: Enterprise credits issued in period | B8: ='Enterprise Refunds #2215'!O10
A9: Enterprise refund GL balance at 11/30/2025 | B9: ='Enterprise Refunds #2215'!O12
A11: SMB Refund Reserve (Acct 2218)
A12: SMB refund accruals in period | B12: ='SMB Refunds #2218'!O9
A13: SMB credits issued in period | B13: ='SMB Refunds #2218'!O10
A14: SMB refund GL balance at 11/30/2025 | B14: ='SMB Refunds #2218'!O12
A16: Total refund reserve balance at 11/30/2025 | B16: =B9+B14

Sheet Enterprise Refunds #2215
A1: Atlas Cloud Commerce
A2: Enterprise Refund Reserve #2215 as of 11/30/2025
A3: Refund reserve activity from August through November 2025
A4: Customer | B4: Beginning Balance | C4: Aug | D4: Aug | E4: Aug | F4: Sep | G4: Sep | H4: Sep | I4: Oct | J4: Oct | K4: Oct | L4: Nov | M4: Nov | N4: Nov | O4: Reserve Months | P4: Notes | Q4: Reserve Account
C5: Refund Accruals | D5: Credits Issued | E5: Ending Balance | F5: Refund Accruals | G5: Credits Issued | H5: Ending Balance | I5: Refund Accruals | J5: Credits Issued | K5: Ending Balance | L5: Refund Accruals | M5: Credits Issued | N5: Ending Balance
A6: Apex Media | B6: 0 | C6: 6000 | D6: 1500 | E6: 4500 | F6: 0 | G6: 1500 | H6: 3000 | I6: 2000 | J6: 1750 | K6: 3250 | L6: 0 | M6: 1750 | N6: 1500 | O6: 6 | P6: Annual refund reserve | Q6: 2215
A7: Beacon Works | B7: 0 | C7: 0 | D7: 0 | E7: 0 | F7: 10000 | G7: 2500 | H7: 7500 | I7: 0 | J7: 2500 | K7: 5000 | L7: 0 | M7: 2500 | N7: 2500 | O7: 4 | P7: Large-enterprise credits | Q7: 2215
A8: Crest Health | B8: 0 | C8: 4000 | D8: 1000 | E8: 3000 | F8: 0 | G8: 1000 | H8: 2000 | I8: 0 | J8: 1000 | K8: 1000 | L8: 1000 | M8: 1000 | N8: 1000 | O8: 6 | P8: Contract transition reserve | Q8: 2215
A9: Period Totals | B9: =SUM(B6:B8) | C9: =SUM(C6:C8) | D9: =SUM(D6:D8) | E9: =SUM(E6:E8) | F9: =SUM(F6:F8) | G9: =SUM(G6:G8) | H9: =SUM(H6:H8) | I9: =SUM(I6:I8) | ... N9: =SUM(N6:N8) | O9: =C9+F9+I9+L9
A10: Ending Balance | E10: =B9+C9-D9 | H10: =E9+F9-G9 | K10: =H9+I9-J9 | N10: =K9+L9-M9 | O10: =D9+G9+J9+M9
A11: Variance | O11: =O12-N12
A12: GL Balance | E12: 7500 | H12: 12500 | K12: 9250 | N12: 5000 | O12: =O9-O10

Sheet SMB Refunds #2218
A1: Atlas Cloud Commerce
A2: SMB Refund Reserve #2218 as of 11/30/2025
A3: Refund reserve activity from August through November 2025
A4: Customer | B4: Beginning Balance | C4: Aug | D4: Aug | E4: Aug | F4: Sep | G4: Sep | H4: Sep | I4: Oct | J4: Oct | K4: Oct | L4: Nov | M4: Nov | N4: Nov | O4: Reserve Months | P4: Notes | Q4: Reserve Account
C5: Refund Accruals | D5: Credits Issued | E5: Ending Balance | F5: Refund Accruals | G5: Credits Issued | H5: Ending Balance | I5: Refund Accruals | J5: Credits Issued | K5: Ending Balance | L5: Refund Accruals | M5: Credits Issued | N5: Ending Balance
A6: Delta Shops | B6: 0 | C6: 3000 | D6: 500 | E6: 2500 | F6: 0 | G6: 500 | H6: 2000 | I6: 1000 | J6: 750 | K6: 2250 | L6: 0 | M6: 750 | N6: 1500 | O6: 6 | P6: Storefront concessions | Q6: 2218
A7: Ember Apps | B7: 0 | C7: 0 | D7: 0 | E7: 0 | F7: 5000 | G7: 1250 | H7: 3750 | I7: 0 | J7: 1250 | K7: 2500 | L7: 0 | M7: 1250 | N7: 1250 | O7: 4 | P7: SMB launch credits | Q7: 2218
A8: Fable Services | B8: 0 | C8: 2000 | D8: 500 | E8: 1500 | F8: 0 | G8: 500 | H8: 1000 | I8: 0 | J8: 500 | K8: 500 | L8: 2000 | M8: 1000 | N8: 1500 | O8: 6 | P8: Support SLA reserve | Q8: 2218
A9: Period Totals | B9: =SUM(B6:B8) | C9: =SUM(C6:C8) | D9: =SUM(D6:D8) | E9: =SUM(E6:E8) | F9: =SUM(F6:F8) | G9: =SUM(G6:G8) | H9: =SUM(H6:H8) | I9: =SUM(I6:I8) | ... N9: =SUM(N6:N8) | O9: =C9+F9+I9+L9
A10: Ending Balance | E10: =B9+C9-D9 | H10: =E9+F9-G9 | K10: =H9+I9-J9 | N10: =K9+L9-M9 | O10: =D9+G9+J9+M9
A11: Variance | O11: =O12-N12
A12: GL Balance | E12: 4000 | H12: 6750 | K12: 5250 | N12: 4250 | O12: =O9-O10
