Workbook

Sheet Project Cost Summary
A1: Orchid Health Systems
A2: Project Cost Rollforward Summary
A3: For the period ending 9/30/2025
A5: Description | B5: Amount
A6: Capitalized Implementation Costs (Acct 1460)
A7: Capitalized adds booked in period | B7: ='Cap Impl #1460'!O10
A8: Amortization booked in period | B8: ='Cap Impl #1460'!O11
A9: Implementation GL balance at 9/30/2025 | B9: ='Cap Impl #1460'!O13
A11: Leasehold Improvements (Acct 1465)
A12: Leasehold adds booked in period | B12: ='Leasehold #1465'!O9
A13: Leasehold amortization in period | B13: ='Leasehold #1465'!O10
A14: Leasehold GL balance at 9/30/2025 | B14: ='Leasehold #1465'!O12
A16: Total project cost balance at 9/30/2025 | B16: =B9+B14

Sheet Cap Impl #1460
A1: Orchid Health Systems
A2: Capitalized Implementation Costs #1460 as of 9/30/2025
A3: Project cost activity from June through September 2025
A4: Vendor | B4: Beginning Balance | C4: Jun | D4: Jun | E4: Jun | F4: Jul | G4: Jul | H4: Jul | I4: Aug | J4: Aug | K4: Aug | L4: Sep | M4: Sep | N4: Sep | O4: Useful Life Months | P4: Notes | Q4: Source Account
C5: Cap Adds | D5: Amortization | E5: Ending Balance | F5: Cap Adds | G5: Amortization | H5: Ending Balance | I5: Cap Adds | J5: Amortization | K5: Ending Balance | L5: Cap Adds | M5: Amortization | N5: Ending Balance
A6: Aether Consulting | B6: 0 | C6: 22000 | D6: 2750 | E6: 19250 | F6: 0 | G6: 2750 | H6: 16500 | I6: 0 | J6: 2750 | K6: 13750 | L6: 0 | M6: 2750 | N6: 11000 | O6: 8 | P6: ERP implementation wave 2 | Q6: 1460
A7: Beacon QA | B7: 0 | C7: 0 | D7: 0 | E7: 0 | F7: 12000 | G7: 3000 | H7: 9000 | I7: 0 | J7: 3000 | K7: 6000 | L7: 0 | M7: 3000 | N7: 3000 | O7: 4 | P7: Testing expansion | Q7: 1460
A8: Cinder Data | B8: 0 | C8: 15000 | D8: 1875 | E8: 13125 | F8: 4500 | G8: 2250 | H8: 15375 | I8: 0 | J8: 2250 | K8: 13125 | L8: 0 | M8: 2250 | N8: 10875 | O8: 8 | P8: Change order approved | Q8: 1460
A9: Delta Mapping | B9: 0 | C9: 0 | D9: 0 | E9: 0 | F9: 0 | G9: 0 | H9: 0 | I9: 10000 | J9: 2500 | K9: 7500 | L9: 0 | M9: 2500 | N9: 5000 | O9: 4 | P9: Warehouse mapping | Q9: 1460
A10: Period Totals | B10: =SUM(B6:B9) | C10: =SUM(C6:C9) | D10: =SUM(D6:D9) | E10: =SUM(E6:E9) | F10: =SUM(F6:F9) | G10: =SUM(G6:G9) | H10: =SUM(H6:H9) | I10: =SUM(I6:I9) | ... N10: =SUM(N6:N9) | O10: =C10+F10+I10+L10
A11: Ending Balance | E11: =B10+C10-D10 | H11: =E10+F10-G10 | K11: =H10+I10-J10 | N11: =K10+L10-M10 | O11: =D10+G10+J10+M10
A12: Variance | O12: =O13-N13
A13: GL Balance | E13: 32375 | H13: 40875 | K13: 40375 | N13: 29875 | O13: =O10-O11

Sheet Leasehold #1465
A1: Orchid Health Systems
A2: Leasehold Improvements #1465 as of 9/30/2025
A3: Project cost activity from June through September 2025
A4: Vendor | B4: Beginning Balance | C4: Jun | D4: Jun | E4: Jun | F4: Jul | G4: Jul | H4: Jul | I4: Aug | J4: Aug | K4: Aug | L4: Sep | M4: Sep | N4: Sep | O4: Useful Life Months | P4: Notes | Q4: Source Account
C5: Cap Adds | D5: Amortization | E5: Ending Balance | F5: Cap Adds | G5: Amortization | H5: Ending Balance | I5: Cap Adds | J5: Amortization | K5: Ending Balance | L5: Cap Adds | M5: Amortization | N5: Ending Balance
A6: East Wing Buildout | B6: 0 | C6: 18000 | D6: 1500 | E6: 16500 | F6: 0 | G6: 1500 | H6: 15000 | I6: 0 | J6: 1500 | K6: 13500 | L6: 0 | M6: 1500 | N6: 12000 | O6: 12 | P6: HQ expansion | Q6: 1465
A7: Fiber Cabling | B7: 0 | C7: 0 | D7: 0 | E7: 0 | F7: 8000 | G7: 1000 | H7: 7000 | I7: 0 | J7: 1000 | K7: 6000 | L7: 4000 | M7: 1500 | N7: 8500 | O7: 8 | P7: Network upgrades | Q7: 1465
A8: Lobby Signage | B8: 0 | C8: 0 | D8: 0 | E8: 0 | F8: 0 | G8: 0 | H8: 0 | I8: 6000 | J8: 750 | K8: 5250 | L8: 0 | M8: 750 | N8: 4500 | O8: 8 | P8: Brand refresh | Q8: 1465
A9: Period Totals | B9: =SUM(B6:B8) | C9: =SUM(C6:C8) | D9: =SUM(D6:D8) | E9: =SUM(E6:E8) | F9: =SUM(F6:F8) | G9: =SUM(G6:G8) | H9: =SUM(H6:H8) | I9: =SUM(I6:I8) | ... N9: =SUM(N6:N8) | O9: =C9+F9+I9+L9
A10: Ending Balance | E10: =B9+C9-D9 | H10: =E9+F9-G9 | K10: =H9+I9-J9 | N10: =K9+L9-M9 | O10: =D9+G9+J9+M9
A11: Variance | O11: =O12-N12
A12: GL Balance | E12: 16500 | H12: 22000 | K12: 24750 | N12: 25000 | O12: =O9-O10
