Workbook
Name BaseSal_Yr1: Summary!$C$5
Name BaseSal_Yr2: Summary!$C$5
Name BaseSal_Yr3: Summary!$C$5
Name FPP_Yr1: Summary!$C$5
Name FPP_Yr2: Summary!$C$5
Name FPP_Yr3: Summary!$C$5
Name PerDiem_Yr1: Summary!$C$5
Name PerDiem_Yr2: Summary!$C$5
Name PerDiem_Yr3: Summary!$C$5
Name PDCap_Yr1: Summary!$C$5
Name PDCap_Yr2: Summary!$C$5
Name PDCap_Yr3: Summary!$C$5
Name PDThresh_Yr1: Summary!$C$5
Name PDThresh_Yr2: Summary!$C$5
Name PDThresh_Yr3: Summary!$C$5
Name HotelStip_Yr1: Summary!$C$5
Name HotelStip_Yr2: Summary!$C$5
Name HotelStip_Yr3: Summary!$C$5
Name UnifAll_Yr1: Summary!$C$5
Name UnifAll_Yr2: Summary!$C$5
Name UnifAll_Yr3: Summary!$C$5
Name Loy1Rate_Yr1: Summary!$C$5
Name Loy1Rate_Yr2: Summary!$C$5
Name Loy1Rate_Yr3: Summary!$C$5
Name Loy2Rate_Yr1: Summary!$C$5
Name Loy2Rate_Yr2: Summary!$C$5
Name Loy2Rate_Yr3: Summary!$C$5
Name Loy3Rate_Yr1: Summary!$C$5
Name Loy3Rate_Yr2: Summary!$C$5
Name Loy3Rate_Yr3: Summary!$C$5
Name Loy4Rate_Yr1: Summary!$C$5
Name Loy4Rate_Yr2: Summary!$C$5
Name Loy4Rate_Yr3: Summary!$C$5
Name Loy5Rate_Yr1: Summary!$C$5
Name Loy5Rate_Yr2: Summary!$C$5
Name Loy5Rate_Yr3: Summary!$C$5
Name HlthIns_Yr1: Summary!$C$5
Name HlthIns_Yr2: Summary!$C$5
Name HlthIns_Yr3: Summary!$C$5
Name RetRate_Yr1: Summary!$C$5
Name RetRate_Yr2: Summary!$C$5
Name RetRate_Yr3: Summary!$C$5
Name WHLim_Yr1: Summary!$C$5
Name WHLim_Yr2: Summary!$C$5
Name WHLim_Yr3: Summary!$C$5
Name SSRate_Yr1: Summary!$C$5
Name SSRate_Yr2: Summary!$C$5
Name SSRate_Yr3: Summary!$C$5
Name MedRate_Yr1: Summary!$C$5
Name MedRate_Yr2: Summary!$C$5
Name MedRate_Yr3: Summary!$C$5
Name Sr5to9_Yr1: Summary!$C$5
Name Sr5to9_Yr2: Summary!$C$5
Name Sr5to9_Yr3: Summary!$C$5
Name Sr10to14_Yr1: Summary!$C$5
Name Sr10to14_Yr2: Summary!$C$5
Name Sr10to14_Yr3: Summary!$C$5
Name Sr15to19_Yr1: Summary!$C$5
Name Sr15to19_Yr2: Summary!$C$5
Name Sr15to19_Yr3: Summary!$C$5

Sheet Summary
B1: AeroConnect Airlines - Crew Compensation
C3: AeroConnect Airlines
C5: 78000 | D5: =C5*1.03 | E5: =D5*1.03
C6: 0.03 | D6: 0.03 | E6: 0.03
B26: Base Salary
B27: Flight Pay Premium
B28: Per Diem
B29: Hotel Stipend
B30: Uniform Allowance
B31: Loyalty Bonus
B32: ---TOTAL--- | C32: ='EE Calcs (Current)'!C69 | D32: ='EE Calcs (Current)'!D69 | E32: ='EE Calcs (Current)'!E69 | F32: ='EE Calcs (Current)'!F69 | G32: ='EE Calcs (Current)'!G69 | H32: ='EE Calcs (Current)'!H69 | I32: ='EE Calcs (Current)'!I69 | J32: ='EE Calcs (Current)'!J69 | ... N32: ='EE Calcs (Current)'!N69
B33: Y/Y Growth | G33: =G32/C32-1 | K33: =K32/G32-1 | O33: =O32/K32-1

Sheet Assumptions
B2: AeroConnect Airlines - Crew Compensation Assumptions
B5: Parameter | C5: Yr1 | D5: Yr2 | E5: Yr3
B7: Annual Base Salary (BaseSal) | C7: 78000 | D7: 80340 | E7: 82750
B8: Flight Pay Premium per Block Hour (FPP) | C8: 85 | D8: 88 | E8: 91
B9: Per Diem Daily Rate (PerDiem) | C9: 75 | D9: 75 | E9: 75
B10: Annual Per Diem Cap Days (PDCap) | C10: 200 | D10: 200 | E10: 200
B11: Per Diem Threshold (PDThresh) | C11: 0.85 | D11: 0.85 | E11: 0.85
B12: Hotel Stipend Annual (HotelStip) | C12: 12000 | D12: 12360 | E12: 12730
B13: Uniform Allowance (UnifAll) | C13: 800 | D13: 800 | E13: 800
B14: Loyalty Bonus - Bronze 3-5 yrs (Loy1Rate) | C14: 2500 | D14: 2500 | E14: 2500
B15: Loyalty Bonus - Silver 6-10 yrs (Loy2Rate) | C15: 6000 | D15: 6000 | E15: 6000
B16: Loyalty Bonus - Gold 11-15 yrs (Loy3Rate) | C16: 10000 | D16: 10000 | E16: 10000
B17: Loyalty Bonus - Platinum 16-20 yrs (Loy4Rate) | C17: 16000 | D17: 16000 | E17: 16000
B18: Loyalty Bonus - Diamond 20+ yrs (Loy5Rate) | C18: 25000 | D18: 25000 | E18: 25000
... B36: Annual Raise Rate (Grwth) | C36: 0.03 | D36: 0.03 | E36: 0.03

Sheet Roster
B2: AeroConnect Airlines - Flight Crew Roster
B4: Crew ID | C4: Last Name | D4: First Name | E4: Position | F4: Domicile Base | G4: Yrs of Service | H4: Attendance Rate | I4: Annual Block Hours | J4: Prevailing Wage
B5: CRW001 | C5: Last001 | D5: First001 | E5: Captain | F5: ATL | G5: 21 | H5: 0.86 | I5: 700 | J5: 78000
B6: CRW002 | C6: Last002 | D6: First002 | E6: Captain | F6: LAX | G6: 8 | H6: 0.88 | I6: 612 | J6: 78000
B7: CRW003 | C7: Last003 | D7: First003 | E7: Captain | F7: ORD | G7: 22 | H7: 0.95 | I7: 604 | J7: 78000
B8: CRW004 | C8: Last004 | D8: First004 | E8: Captain | F8: JFK | G8: 19 | H8: 0.9 | I8: 575 | J8: 78000
B9: CRW005 | C9: Last005 | D9: First005 | E9: Captain | F9: SFO | G9: 3 | H9: 0.88 | I9: 818 | J9: 78000
B10: CRW006 | C10: Last006 | D10: First006 | E10: Captain | F10: MIA | G10: 20 | H10: 0.85 | I10: 661 | J10: 78000
B11: CRW007 | C11: Last007 | D11: First007 | E11: Captain | F11: DFW | G11: 23 | H11: 0.93 | I11: 774 | J11: 78000
B12: CRW008 | C12: Last008 | D12: First008 | E12: Captain | F12: SEA | G12: 8 | H12: 0.91 | I12: 702 | J12: 78000
B13: CRW009 | C13: Last009 | D13: First009 | E13: Captain | F13: BOS | G13: 1 | H13: 0.95 | I13: 641 | J13: 78000
B14: CRW010 | C14: Last010 | D14: First010 | E14: Captain | F14: DEN | G14: 23 | H14: 0.9 | I14: 702 | J14: 78000
B15: CRW011 | C15: Last011 | D15: First011 | E15: First Officer | F15: ATL | G15: 5 | H15: 0.88 | I15: 732 | J15: 58000
B16: CRW012 | C16: Last012 | D16: First012 | E16: First Officer | F16: LAX | G16: 4 | H16: 0.86 | I16: 609 | J16: 58000
... B69: CRW065 | C69: Last065 | D69: First065 | E69: First Officer | F69: SFO | G69: 22 | H69: 0.91 | I69: 627 | J69: 58000

Sheet Calculations --->
B2: Calculation Sheets
C4: Click links below:
C6: EE Calcs (Current)
C7: EE Calcs (Yr+1)
C8: EE Calcs (Yr+2)

Sheet EE Calcs (Current)
A3: Employee # | B3: Last Name | C3: First Name | D3: Position | E3: Base | F3: Yrs of Service | G3: Notes | H3: Base-Q1 | I3: Base-Q2 | J3: Base-Q3 | K3: Base-Q4 | L3: FPP-Q1 | M3: FPP-Q2 | N3: FPP-Q3 | O3: FPP-Q4 | P3: PerDiem-Q1 | Q3: PerDiem-Q2 | R3: PerDiem-Q3 | S3: PerDiem-Q4 | T3: HotelStip-Q1 | U3: HotelStip-Q2 | V3: HotelStip-Q3 | W3: HotelStip-Q4 | X3: UnifAll-Q1 | Y3: UnifAll-Q2 | Z3: UnifAll-Q3 | AA3: UnifAll-Q4 | AB3: Loyalty-Q1 | AC3: Loyalty-Q2 | AD3: Loyalty-Q3 | AE3: Loyalty-Q4 | AF3: HlthIns-Q1 | AG3: HlthIns-Q2 | AH3: HlthIns-Q3 | AI3: HlthIns-Q4 | AJ3: PayrollTax-Q1 | AK3: PayrollTax-Q2 | AL3: PayrollTax-Q3 | AM3: PayrollTax-Q4
A4: CRW001 | B4: Last001 | C4: First001 | D4: Captain | E4: ATL | F4: 21 | H4: 19500 | I4: 19500 | J4: 19500 | K4: 19500 | L4: 14875 | M4: 14875 | N4: 14875 | O4: 14875 | P4: 3750 | Q4: 3750 | R4: 3750 | S4: 3750 | T4: 3000 | U4: 3000 | V4: 3000 | W4: 3000 | X4: 200 | Y4: 200 | Z4: 200 | AA4: 200 | AB4: 6250 | AC4: 6250 | AD4: 6250 | AE4: 6250 | AF4: 2375 | AG4: 2375 | AH4: 2375 | AI4: 2375 | AJ4: 3821.175 | AK4: 3821.175 | AL4: 3821.175 | AM4: 3821.175
A5: CRW002 | B5: Last002 | C5: First002 | D5: Captain | E5: LAX | F5: 8 | H5: 19500 | I5: 19500 | J5: 19500 | K5: 19500 | L5: 13005 | M5: 13005 | N5: 13005 | O5: 13005 | P5: 3750 | Q5: 3750 | R5: 3750 | S5: 3750 | T5: 3000 | U5: 3000 | V5: 3000 | W5: 3000 | X5: 200 | Y5: 200 | Z5: 200 | AA5: 200 | AB5: 1500 | AC5: 1500 | AD5: 1500 | AE5: 1500 | AF5: 2375 | AG5: 2375 | AH5: 2375 | AI5: 2375 | AJ5: 3314.745 | AK5: 3314.745 | AL5: 3314.745 | AM5: 3314.745
A6: CRW003 | B6: Last003 | C6: First003 | D6: Captain | E6: ORD | F6: 22 | H6: 19500 | I6: 19500 | J6: 19500 | K6: 19500 | L6: 12835 | M6: 12835 | N6: 12835 | O6: 12835 | P6: 3750 | Q6: 3750 | R6: 3750 | S6: 3750 | T6: 3000 | U6: 3000 | V6: 3000 | W6: 3000 | X6: 200 | Y6: 200 | Z6: 200 | AA6: 200 | AB6: 6250 | AC6: 6250 | AD6: 6250 | AE6: 6250 | AF6: 2375 | AG6: 2375 | AH6: 2375 | AI6: 2375 | AJ6: 3665.115 | AK6: 3665.115 | AL6: 3665.115 | AM6: 3665.115
A7: CRW004 | B7: Last004 | C7: First004 | D7: Captain | E7: JFK | F7: 19 | H7: 19500 | I7: 19500 | J7: 19500 | K7: 19500 | L7: 12218.75 | M7: 12218.75 | N7: 12218.75 | O7: 12218.75 | P7: 3750 | Q7: 3750 | R7: 3750 | S7: 3750 | T7: 3000 | U7: 3000 | V7: 3000 | W7: 3000 | X7: 200 | Y7: 200 | Z7: 200 | AA7: 200 | AB7: 4000 | AC7: 4000 | AD7: 4000 | AE7: 4000 | AF7: 2375 | AG7: 2375 | AH7: 2375 | AI7: 2375 | AJ7: 3445.8469 | AK7: 3445.8469 | AL7: 3445.8469 | AM7: 3445.8469
A8: CRW005 | B8: Last005 | C8: First005 | D8: Captain | E8: SFO | F8: 3 | H8: 19500 | I8: 19500 | J8: 19500 | K8: 19500 | L8: 17382.5 | M8: 17382.5 | N8: 17382.5 | O8: 17382.5 | P8: 3750 | Q8: 3750 | R8: 3750 | S8: 3750 | T8: 3000 | U8: 3000 | V8: 3000 | W8: 3000 | X8: 200 | Y8: 200 | Z8: 200 | AA8: 200 | AB8: 625 | AC8: 625 | AD8: 625 | AE8: 625 | AF8: 2375 | AG8: 2375 | AH8: 2375 | AI8: 2375 | AJ8: 3582.6863 | AK8: 3582.6863 | AL8: 3582.6863 | AM8: 3582.6863
A9: CRW006 | B9: Last006 | C9: First006 | D9: Captain | E9: MIA | F9: 20 | H9: 19500 | I9: 19500 | J9: 19500 | K9: 19500 | L9: 14046.25 | M9: 14046.25 | N9: 14046.25 | O9: 14046.25 | P9: 3750 | Q9: 3750 | R9: 3750 | S9: 3750 | T9: 3000 | U9: 3000 | V9: 3000 | W9: 3000 | X9: 200 | Y9: 200 | Z9: 200 | AA9: 200 | AB9: 6250 | AC9: 6250 | AD9: 6250 | AE9: 6250 | AF9: 2375 | AG9: 2375 | AH9: 2375 | AI9: 2375 | AJ9: 3757.7756 | AK9: 3757.7756 | AL9: 3757.7756 | AM9: 3757.7756
A10: CRW007 | B10: Last007 | C10: First007 | D10: Captain | E10: DFW | F10: 23 | H10: 19500 | I10: 19500 | J10: 19500 | K10: 19500 | L10: 16447.5 | M10: 16447.5 | N10: 16447.5 | O10: 16447.5 | P10: 3750 | Q10: 3750 | R10: 3750 | S10: 3750 | T10: 3000 | U10: 3000 | V10: 3000 | W10: 3000 | X10: 200 | Y10: 200 | Z10: 200 | AA10: 200 | AB10: 6250 | AC10: 6250 | AD10: 6250 | AE10: 6250 | AF10: 2375 | AG10: 2375 | AH10: 2375 | AI10: 2375 | AJ10: 3941.4713 | AK10: 3941.4713 | AL10: 3941.4713 | AM10: 3941.4713
A11: CRW008 | B11: Last008 | C11: First008 | D11: Captain | E11: SEA | F11: 8 | H11: 19500 | I11: 19500 | J11: 19500 | K11: 19500 | L11: 14917.5 | M11: 14917.5 | N11: 14917.5 | O11: 14917.5 | P11: 3750 | Q11: 3750 | R11: 3750 | S11: 3750 | T11: 3000 | U11: 3000 | V11: 3000 | W11: 3000 | X11: 200 | Y11: 200 | Z11: 200 | AA11: 200 | AB11: 1500 | AC11: 1500 | AD11: 1500 | AE11: 1500 | AF11: 2375 | AG11: 2375 | AH11: 2375 | AI11: 2375 | AJ11: 3461.0512 | AK11: 3461.0512 | AL11: 3461.0512 | AM11: 3461.0512
A12: CRW009 | B12: Last009 | C12: First009 | D12: Captain | E12: BOS | F12: 1 | H12: 19500 | I12: 19500 | J12: 19500 | K12: 19500 | L12: 13621.25 | M12: 13621.25 | N12: 13621.25 | O12: 13621.25 | P12: 3750 | Q12: 3750 | R12: 3750 | S12: 3750 | T12: 3000 | U12: 3000 | V12: 3000 | W12: 3000 | X12: 200 | Y12: 200 | Z12: 200 | AA12: 200 | AB12: 0 | AC12: 0 | AD12: 0 | AE12: 0 | AF12: 2375 | AG12: 2375 | AH12: 2375 | AI12: 2375 | AJ12: 3247.1381 | AK12: 3247.1381 | AL12: 3247.1381 | AM12: 3247.1381
A13: CRW010 | B13: Last010 | C13: First010 | D13: Captain | E13: DEN | F13: 23 | H13: 19500 | I13: 19500 | J13: 19500 | K13: 19500 | L13: 14917.5 | M13: 14917.5 | N13: 14917.5 | O13: 14917.5 | P13: 3750 | Q13: 3750 | R13: 3750 | S13: 3750 | T13: 3000 | U13: 3000 | V13: 3000 | W13: 3000 | X13: 200 | Y13: 200 | Z13: 200 | AA13: 200 | AB13: 6250 | AC13: 6250 | AD13: 6250 | AE13: 6250 | AF13: 2375 | AG13: 2375 | AH13: 2375 | AI13: 2375 | AJ13: 3824.4262 | AK13: 3824.4262 | AL13: 3824.4262 | AM13: 3824.4262
A14: CRW011 | B14: Last011 | C14: First011 | D14: First Officer | E14: ATL | F14: 5 | H14: 14500 | I14: 14500 | J14: 14500 | K14: 14500 | L14: 15555 | M14: 15555 | N14: 15555 | O14: 15555 | P14: 3750 | Q14: 3750 | R14: 3750 | S14: 3750 | T14: 3000 | U14: 3000 | V14: 3000 | W14: 3000 | X14: 200 | Y14: 200 | Z14: 200 | AA14: 200 | AB14: 625 | AC14: 625 | AD14: 625 | AE14: 625 | AF14: 2375 | AG14: 2375 | AH14: 2375 | AI14: 2375 | AJ14: 3060.3825 | AK14: 3060.3825 | AL14: 3060.3825 | AM14: 3060.3825
A15: CRW012 | B15: Last012 | C15: First012 | D15: First Officer | E15: LAX | F15: 4 | H15: 14500 | I15: 14500 | J15: 14500 | K15: 14500 | L15: 12941.25 | M15: 12941.25 | N15: 12941.25 | O15: 12941.25 | P15: 3750 | Q15: 3750 | R15: 3750 | S15: 3750 | T15: 3000 | U15: 3000 | V15: 3000 | W15: 3000 | X15: 200 | Y15: 200 | Z15: 200 | AA15: 200 | AB15: 625 | AC15: 625 | AD15: 625 | AE15: 625 | AF15: 2375 | AG15: 2375 | AH15: 2375 | AI15: 2375 | AJ15: 2860.4306 | AK15: 2860.4306 | AL15: 2860.4306 | AM15: 2860.4306
... A68: CRW065 | B68: Last065 | C68: First065 | D68: First Officer | E68: SFO | F68: 22 | H68: 14500 | I68: 14500 | J68: 14500 | K68: 14500 | L68: 13323.75 | M68: 13323.75 | N68: 13323.75 | O68: 13323.75 | P68: 3750 | Q68: 3750 | R68: 3750 | S68: 3750 | T68: 3000 | U68: 3000 | V68: 3000 | W68: 3000 | X68: 200 | Y68: 200 | Z68: 200 | AA68: 200 | AB68: 6250 | AC68: 6250 | AD68: 6250 | AE68: 6250 | AF68: 2375 | AG68: 2375 | AH68: 2375 | AI68: 2375 | AJ68: 3320.0044 | AK68: 3320.0044 | AL68: 3320.0044 | AM68: 3320.0044
H69: =SUM(H4:H68) | I69: =SUM(I4:I68) | J69: =SUM(J4:J68) | K69: =SUM(K4:K68) | L69: =SUM(L4:L68) | M69: =SUM(M4:M68) | N69: =SUM(N4:N68) | O69: =SUM(O4:O68) | ... AQ69: =SUM(AQ4:AQ68)

Sheet EE Calcs (Yr+1)
A3: Employee # | B3: Last Name | C3: First Name | D3: Position | E3: Base | F3: Yrs of Service | G3: Notes | H3: Base-Q1 | I3: Base-Q2 | J3: Base-Q3 | K3: Base-Q4 | L3: FPP-Q1 | M3: FPP-Q2 | N3: FPP-Q3 | O3: FPP-Q4 | P3: PerDiem-Q1 | Q3: PerDiem-Q2 | R3: PerDiem-Q3 | S3: PerDiem-Q4 | T3: HotelStip-Q1 | U3: HotelStip-Q2 | V3: HotelStip-Q3 | W3: HotelStip-Q4 | X3: UnifAll-Q1 | Y3: UnifAll-Q2 | Z3: UnifAll-Q3 | AA3: UnifAll-Q4 | AB3: Loyalty-Q1 | AC3: Loyalty-Q2 | AD3: Loyalty-Q3 | AE3: Loyalty-Q4 | AF3: HlthIns-Q1 | AG3: HlthIns-Q2 | AH3: HlthIns-Q3 | AI3: HlthIns-Q4 | AJ3: PayrollTax-Q1 | AK3: PayrollTax-Q2 | AL3: PayrollTax-Q3 | AM3: PayrollTax-Q4
A4: CRW001 | B4: Last001 | C4: First001 | D4: Captain | E4: ATL | F4: 22 | H4: 20085 | I4: 20085 | J4: 20085 | K4: 20085 | L4: 15321.25 | M4: 15321.25 | N4: 15321.25 | O4: 15321.25 | P4: 3750 | Q4: 3750 | R4: 3750 | S4: 3750 | T4: 3090 | U4: 3090 | V4: 3090 | W4: 3090 | X4: 200 | Y4: 200 | Z4: 200 | AA4: 200 | AB4: 6250 | AC4: 6250 | AD4: 6250 | AE4: 6250 | AF4: 2446.25 | AG4: 2446.25 | AH4: 2446.25 | AI4: 2446.25 | AJ4: 3912.4012 | AK4: 3912.4012 | AL4: 3912.4012 | AM4: 3912.4012
A5: CRW002 | B5: Last002 | C5: First002 | D5: Captain | E5: LAX | F5: 9 | H5: 20085 | I5: 20085 | J5: 20085 | K5: 20085 | L5: 13395.15 | M5: 13395.15 | N5: 13395.15 | O5: 13395.15 | P5: 3750 | Q5: 3750 | R5: 3750 | S5: 3750 | T5: 3090 | U5: 3090 | V5: 3090 | W5: 3090 | X5: 200 | Y5: 200 | Z5: 200 | AA5: 200 | AB5: 1500 | AC5: 1500 | AD5: 1500 | AE5: 1500 | AF5: 2446.25 | AG5: 2446.25 | AH5: 2446.25 | AI5: 2446.25 | AJ5: 3401.6796 | AK5: 3401.6796 | AL5: 3401.6796 | AM5: 3401.6796
A6: CRW003 | B6: Last003 | C6: First003 | D6: Captain | E6: ORD | F6: 23 | H6: 20085 | I6: 20085 | J6: 20085 | K6: 20085 | L6: 13220.05 | M6: 13220.05 | N6: 13220.05 | O6: 13220.05 | P6: 3750 | Q6: 3750 | R6: 3750 | S6: 3750 | T6: 3090 | U6: 3090 | V6: 3090 | W6: 3090 | X6: 200 | Y6: 200 | Z6: 200 | AA6: 200 | AB6: 6250 | AC6: 6250 | AD6: 6250 | AE6: 6250 | AF6: 2446.25 | AG6: 2446.25 | AH6: 2446.25 | AI6: 2446.25 | AJ6: 3751.6595 | AK6: 3751.6595 | AL6: 3751.6595 | AM6: 3751.6595
A7: CRW004 | B7: Last004 | C7: First004 | D7: Captain | E7: JFK | F7: 20 | H7: 20085 | I7: 20085 | J7: 20085 | K7: 20085 | L7: 12585.312 | M7: 12585.312 | N7: 12585.312 | O7: 12585.312 | P7: 3750 | Q7: 3750 | R7: 3750 | S7: 3750 | T7: 3090 | U7: 3090 | V7: 3090 | W7: 3090 | X7: 200 | Y7: 200 | Z7: 200 | AA7: 200 | AB7: 4000 | AC7: 4000 | AD7: 4000 | AE7: 4000 | AF7: 2446.25 | AG7: 2446.25 | AH7: 2446.25 | AI7: 2446.25 | AJ7: 3530.977 | AK7: 3530.977 | AL7: 3530.977 | AM7: 3530.977
A8: CRW005 | B8: Last005 | C8: First005 | D8: Captain | E8: SFO | F8: 4 | H8: 20085 | I8: 20085 | J8: 20085 | K8: 20085 | L8: 17903.975 | M8: 17903.975 | N8: 17903.975 | O8: 17903.975 | P8: 3750 | Q8: 3750 | R8: 3750 | S8: 3750 | T8: 3090 | U8: 3090 | V8: 3090 | W8: 3090 | X8: 200 | Y8: 200 | Z8: 200 | AA8: 200 | AB8: 625 | AC8: 625 | AD8: 625 | AE8: 625 | AF8: 2446.25 | AG8: 2446.25 | AH8: 2446.25 | AI8: 2446.25 | AJ8: 3679.6672 | AK8: 3679.6672 | AL8: 3679.6672 | AM8: 3679.6672
A9: CRW006 | B9: Last006 | C9: First006 | D9: Captain | E9: MIA | F9: 21 | H9: 20085 | I9: 20085 | J9: 20085 | K9: 20085 | L9: 14467.638 | M9: 14467.638 | N9: 14467.638 | O9: 14467.638 | P9: 3750 | Q9: 3750 | R9: 3750 | S9: 3750 | T9: 3090 | U9: 3090 | V9: 3090 | W9: 3090 | X9: 200 | Y9: 200 | Z9: 200 | AA9: 200 | AB9: 6250 | AC9: 6250 | AD9: 6250 | AE9: 6250 | AF9: 2446.25 | AG9: 2446.25 | AH9: 2446.25 | AI9: 2446.25 | AJ9: 3847.0999 | AK9: 3847.0999 | AL9: 3847.0999 | AM9: 3847.0999
A10: CRW007 | B10: Last007 | C10: First007 | D10: Captain | E10: DFW | F10: 24 | H10: 20085 | I10: 20085 | J10: 20085 | K10: 20085 | L10: 16940.925 | M10: 16940.925 | N10: 16940.925 | O10: 16940.925 | P10: 3750 | Q10: 3750 | R10: 3750 | S10: 3750 | T10: 3090 | U10: 3090 | V10: 3090 | W10: 3090 | X10: 200 | Y10: 200 | Z10: 200 | AA10: 200 | AB10: 6250 | AC10: 6250 | AD10: 6250 | AE10: 6250 | AF10: 2446.25 | AG10: 2446.25 | AH10: 2446.25 | AI10: 2446.25 | AJ10: 4036.3064 | AK10: 4036.3064 | AL10: 4036.3064 | AM10: 4036.3064
A11: CRW008 | B11: Last008 | C11: First008 | D11: Captain | E11: SEA | F11: 9 | H11: 20085 | I11: 20085 | J11: 20085 | K11: 20085 | L11: 15365.025 | M11: 15365.025 | N11: 15365.025 | O11: 15365.025 | P11: 3750 | Q11: 3750 | R11: 3750 | S11: 3750 | T11: 3090 | U11: 3090 | V11: 3090 | W11: 3090 | X11: 200 | Y11: 200 | Z11: 200 | AA11: 200 | AB11: 1500 | AC11: 1500 | AD11: 1500 | AE11: 1500 | AF11: 2446.25 | AG11: 2446.25 | AH11: 2446.25 | AI11: 2446.25 | AJ11: 3552.375 | AK11: 3552.375 | AL11: 3552.375 | AM11: 3552.375
A12: CRW009 | B12: Last009 | C12: First009 | D12: Captain | E12: BOS | F12: 2 | H12: 20085 | I12: 20085 | J12: 20085 | K12: 20085 | L12: 14029.888 | M12: 14029.888 | N12: 14029.888 | O12: 14029.888 | P12: 3750 | Q12: 3750 | R12: 3750 | S12: 3750 | T12: 3090 | U12: 3090 | V12: 3090 | W12: 3090 | X12: 200 | Y12: 200 | Z12: 200 | AA12: 200 | AB12: 0 | AC12: 0 | AD12: 0 | AE12: 0 | AF12: 2446.25 | AG12: 2446.25 | AH12: 2446.25 | AI12: 2446.25 | AJ12: 3335.487 | AK12: 3335.487 | AL12: 3335.487 | AM12: 3335.487
A13: CRW010 | B13: Last010 | C13: First010 | D13: Captain | E13: DEN | F13: 24 | H13: 20085 | I13: 20085 | J13: 20085 | K13: 20085 | L13: 15365.025 | M13: 15365.025 | N13: 15365.025 | O13: 15365.025 | P13: 3750 | Q13: 3750 | R13: 3750 | S13: 3750 | T13: 3090 | U13: 3090 | V13: 3090 | W13: 3090 | X13: 200 | Y13: 200 | Z13: 200 | AA13: 200 | AB13: 6250 | AC13: 6250 | AD13: 6250 | AE13: 6250 | AF13: 2446.25 | AG13: 2446.25 | AH13: 2446.25 | AI13: 2446.25 | AJ13: 3915.75 | AK13: 3915.75 | AL13: 3915.75 | AM13: 3915.75
A14: CRW011 | B14: Last011 | C14: First011 | D14: First Officer | E14: ATL | F14: 6 | H14: 14935 | I14: 14935 | J14: 14935 | K14: 14935 | L14: 16021.65 | M14: 16021.65 | N14: 16021.65 | O14: 16021.65 | P14: 3750 | Q14: 3750 | R14: 3750 | S14: 3750 | T14: 3090 | U14: 3090 | V14: 3090 | W14: 3090 | X14: 200 | Y14: 200 | Z14: 200 | AA14: 200 | AB14: 625 | AC14: 625 | AD14: 625 | AE14: 625 | AF14: 2446.25 | AG14: 2446.25 | AH14: 2446.25 | AI14: 2446.25 | AJ14: 3141.6944 | AK14: 3141.6944 | AL14: 3141.6944 | AM14: 3141.6944
A15: CRW012 | B15: Last012 | C15: First012 | D15: First Officer | E15: LAX | F15: 5 | H15: 14935 | I15: 14935 | J15: 14935 | K15: 14935 | L15: 13329.487 | M15: 13329.487 | N15: 13329.487 | O15: 13329.487 | P15: 3750 | Q15: 3750 | R15: 3750 | S15: 3750 | T15: 3090 | U15: 3090 | V15: 3090 | W15: 3090 | X15: 200 | Y15: 200 | Z15: 200 | AA15: 200 | AB15: 625 | AC15: 625 | AD15: 625 | AE15: 625 | AF15: 2446.25 | AG15: 2446.25 | AH15: 2446.25 | AI15: 2446.25 | AJ15: 2935.7439 | AK15: 2935.7439 | AL15: 2935.7439 | AM15: 2935.7439
... A68: CRW065 | B68: Last065 | C68: First065 | D68: First Officer | E68: SFO | F68: 23 | H68: 14935 | I68: 14935 | J68: 14935 | K68: 14935 | L68: 13723.462 | M68: 13723.462 | N68: 13723.462 | O68: 13723.462 | P68: 3750 | Q68: 3750 | R68: 3750 | S68: 3750 | T68: 3090 | U68: 3090 | V68: 3090 | W68: 3090 | X68: 200 | Y68: 200 | Z68: 200 | AA68: 200 | AB68: 6250 | AC68: 6250 | AD68: 6250 | AE68: 6250 | AF68: 2446.25 | AG68: 2446.25 | AH68: 2446.25 | AI68: 2446.25 | AJ68: 3396.1955 | AK68: 3396.1955 | AL68: 3396.1955 | AM68: 3396.1955
H69: =SUM(H4:H68) | I69: =SUM(I4:I68) | J69: =SUM(J4:J68) | K69: =SUM(K4:K68) | L69: =SUM(L4:L68) | M69: =SUM(M4:M68) | N69: =SUM(N4:N68) | O69: =SUM(O4:O68) | ... AQ69: =SUM(AQ4:AQ68)

Sheet EE Calcs (Yr+2)
A3: Employee # | B3: Last Name | C3: First Name | D3: Position | E3: Base | F3: Yrs of Service | G3: Notes | H3: Base-Q1 | I3: Base-Q2 | J3: Base-Q3 | K3: Base-Q4 | L3: FPP-Q1 | M3: FPP-Q2 | N3: FPP-Q3 | O3: FPP-Q4 | P3: PerDiem-Q1 | Q3: PerDiem-Q2 | R3: PerDiem-Q3 | S3: PerDiem-Q4 | T3: HotelStip-Q1 | U3: HotelStip-Q2 | V3: HotelStip-Q3 | W3: HotelStip-Q4 | X3: UnifAll-Q1 | Y3: UnifAll-Q2 | Z3: UnifAll-Q3 | AA3: UnifAll-Q4 | AB3: Loyalty-Q1 | AC3: Loyalty-Q2 | AD3: Loyalty-Q3 | AE3: Loyalty-Q4 | AF3: HlthIns-Q1 | AG3: HlthIns-Q2 | AH3: HlthIns-Q3 | AI3: HlthIns-Q4 | AJ3: PayrollTax-Q1 | AK3: PayrollTax-Q2 | AL3: PayrollTax-Q3 | AM3: PayrollTax-Q4
A4: CRW001 | B4: Last001 | C4: First001 | D4: Captain | E4: ATL | F4: 23 | H4: 20687.55 | I4: 20687.55 | J4: 20687.55 | K4: 20687.55 | L4: 15780.888 | M4: 15780.888 | N4: 15780.888 | O4: 15780.888 | P4: 3750 | Q4: 3750 | R4: 3750 | S4: 3750 | T4: 3182.7 | U4: 3182.7 | V4: 3182.7 | W4: 3182.7 | X4: 200 | Y4: 200 | Z4: 200 | AA4: 200 | AB4: 6250 | AC4: 6250 | AD4: 6250 | AE4: 6250 | AF4: 2519.6375 | AG4: 2519.6375 | AH4: 2519.6375 | AI4: 2519.6375 | AJ4: 4006.3643 | AK4: 4006.3643 | AL4: 4006.3643 | AM4: 4006.3643
A5: CRW002 | B5: Last002 | C5: First002 | D5: Captain | E5: LAX | F5: 10 | H5: 20687.55 | I5: 20687.55 | J5: 20687.55 | K5: 20687.55 | L5: 13797.004 | M5: 13797.004 | N5: 13797.004 | O5: 13797.004 | P5: 3750 | Q5: 3750 | R5: 3750 | S5: 3750 | T5: 3182.7 | U5: 3182.7 | V5: 3182.7 | W5: 3182.7 | X5: 200 | Y5: 200 | Z5: 200 | AA5: 200 | AB5: 1500 | AC5: 1500 | AD5: 1500 | AE5: 1500 | AF5: 2519.6375 | AG5: 2519.6375 | AH5: 2519.6375 | AI5: 2519.6375 | AJ5: 3491.2222 | AK5: 3491.2222 | AL5: 3491.2222 | AM5: 3491.2222
A6: CRW003 | B6: Last003 | C6: First003 | D6: Captain | E6: ORD | F6: 24 | H6: 20687.55 | I6: 20687.55 | J6: 20687.55 | K6: 20687.55 | L6: 13616.651 | M6: 13616.651 | N6: 13616.651 | O6: 13616.651 | P6: 3750 | Q6: 3750 | R6: 3750 | S6: 3750 | T6: 3182.7 | U6: 3182.7 | V6: 3182.7 | W6: 3182.7 | X6: 200 | Y6: 200 | Z6: 200 | AA6: 200 | AB6: 6250 | AC6: 6250 | AD6: 6250 | AE6: 6250 | AF6: 2519.6375 | AG6: 2519.6375 | AH6: 2519.6375 | AI6: 2519.6375 | AJ6: 3840.8002 | AK6: 3840.8002 | AL6: 3840.8002 | AM6: 3840.8002
A7: CRW004 | B7: Last004 | C7: First004 | D7: Captain | E7: JFK | F7: 21 | H7: 20687.55 | I7: 20687.55 | J7: 20687.55 | K7: 20687.55 | L7: 12962.872 | M7: 12962.872 | N7: 12962.872 | O7: 12962.872 | P7: 3750 | Q7: 3750 | R7: 3750 | S7: 3750 | T7: 3182.7 | U7: 3182.7 | V7: 3182.7 | W7: 3182.7 | X7: 200 | Y7: 200 | Z7: 200 | AA7: 200 | AB7: 4000 | AC7: 4000 | AD7: 4000 | AE7: 4000 | AF7: 2519.6375 | AG7: 2519.6375 | AH7: 2519.6375 | AI7: 2519.6375 | AJ7: 3618.6611 | AK7: 3618.6611 | AL7: 3618.6611 | AM7: 3618.6611
A8: CRW005 | B8: Last005 | C8: First005 | D8: Captain | E8: SFO | F8: 5 | H8: 20687.55 | I8: 20687.55 | J8: 20687.55 | K8: 20687.55 | L8: 18441.094 | M8: 18441.094 | N8: 18441.094 | O8: 18441.094 | P8: 3750 | Q8: 3750 | R8: 3750 | S8: 3750 | T8: 3182.7 | U8: 3182.7 | V8: 3182.7 | W8: 3182.7 | X8: 200 | Y8: 200 | Z8: 200 | AA8: 200 | AB8: 625 | AC8: 625 | AD8: 625 | AE8: 625 | AF8: 2519.6375 | AG8: 2519.6375 | AH8: 2519.6375 | AI8: 2519.6375 | AJ8: 3779.5576 | AK8: 3779.5576 | AL8: 3779.5576 | AM8: 3779.5576
A9: CRW006 | B9: Last006 | C9: First006 | D9: Captain | E9: MIA | F9: 22 | H9: 20687.55 | I9: 20687.55 | J9: 20687.55 | K9: 20687.55 | L9: 14901.667 | M9: 14901.667 | N9: 14901.667 | O9: 14901.667 | P9: 3750 | Q9: 3750 | R9: 3750 | S9: 3750 | T9: 3182.7 | U9: 3182.7 | V9: 3182.7 | W9: 3182.7 | X9: 200 | Y9: 200 | Z9: 200 | AA9: 200 | AB9: 6250 | AC9: 6250 | AD9: 6250 | AE9: 6250 | AF9: 2519.6375 | AG9: 2519.6375 | AH9: 2519.6375 | AI9: 2519.6375 | AJ9: 3939.1039 | AK9: 3939.1039 | AL9: 3939.1039 | AM9: 3939.1039
A10: CRW007 | B10: Last007 | C10: First007 | D10: Captain | E10: DFW | F10: 25 | H10: 20687.55 | I10: 20687.55 | J10: 20687.55 | K10: 20687.55 | L10: 17449.153 | M10: 17449.153 | N10: 17449.153 | O10: 17449.153 | P10: 3750 | Q10: 3750 | R10: 3750 | S10: 3750 | T10: 3182.7 | U10: 3182.7 | V10: 3182.7 | W10: 3182.7 | X10: 200 | Y10: 200 | Z10: 200 | AA10: 200 | AB10: 6250 | AC10: 6250 | AD10: 6250 | AE10: 6250 | AF10: 2519.6375 | AG10: 2519.6375 | AH10: 2519.6375 | AI10: 2519.6375 | AJ10: 4133.9866 | AK10: 4133.9866 | AL10: 4133.9866 | AM10: 4133.9866
A11: CRW008 | B11: Last008 | C11: First008 | D11: Captain | E11: SEA | F11: 10 | H11: 20687.55 | I11: 20687.55 | J11: 20687.55 | K11: 20687.55 | L11: 15825.976 | M11: 15825.976 | N11: 15825.976 | O11: 15825.976 | P11: 3750 | Q11: 3750 | R11: 3750 | S11: 3750 | T11: 3182.7 | U11: 3182.7 | V11: 3182.7 | W11: 3182.7 | X11: 200 | Y11: 200 | Z11: 200 | AA11: 200 | AB11: 1500 | AC11: 1500 | AD11: 1500 | AE11: 1500 | AF11: 2519.6375 | AG11: 2519.6375 | AH11: 2519.6375 | AI11: 2519.6375 | AJ11: 3646.4385 | AK11: 3646.4385 | AL11: 3646.4385 | AM11: 3646.4385
A12: CRW009 | B12: Last009 | C12: First009 | D12: Captain | E12: BOS | F12: 3 | H12: 20687.55 | I12: 20687.55 | J12: 20687.55 | K12: 20687.55 | L12: 14450.784 | M12: 14450.784 | N12: 14450.784 | O12: 14450.784 | P12: 3750 | Q12: 3750 | R12: 3750 | S12: 3750 | T12: 3182.7 | U12: 3182.7 | V12: 3182.7 | W12: 3182.7 | X12: 200 | Y12: 200 | Z12: 200 | AA12: 200 | AB12: 0 | AC12: 0 | AD12: 0 | AE12: 0 | AF12: 2519.6375 | AG12: 2519.6375 | AH12: 2519.6375 | AI12: 2519.6375 | AJ12: 3426.4864 | AK12: 3426.4864 | AL12: 3426.4864 | AM12: 3426.4864
A13: CRW010 | B13: Last010 | C13: First010 | D13: Captain | E13: DEN | F13: 25 | H13: 20687.55 | I13: 20687.55 | J13: 20687.55 | K13: 20687.55 | L13: 15825.976 | M13: 15825.976 | N13: 15825.976 | O13: 15825.976 | P13: 3750 | Q13: 3750 | R13: 3750 | S13: 3750 | T13: 3182.7 | U13: 3182.7 | V13: 3182.7 | W13: 3182.7 | X13: 200 | Y13: 200 | Z13: 200 | AA13: 200 | AB13: 6250 | AC13: 6250 | AD13: 6250 | AE13: 6250 | AF13: 2519.6375 | AG13: 2519.6375 | AH13: 2519.6375 | AI13: 2519.6375 | AJ13: 4009.8135 | AK13: 4009.8135 | AL13: 4009.8135 | AM13: 4009.8135
A14: CRW011 | B14: Last011 | C14: First011 | D14: First Officer | E14: ATL | F14: 7 | H14: 15383.05 | I14: 15383.05 | J14: 15383.05 | K14: 15383.05 | L14: 16502.3 | M14: 16502.3 | N14: 16502.3 | O14: 16502.3 | P14: 3750 | Q14: 3750 | R14: 3750 | S14: 3750 | T14: 3182.7 | U14: 3182.7 | V14: 3182.7 | W14: 3182.7 | X14: 200 | Y14: 200 | Z14: 200 | AA14: 200 | AB14: 625 | AC14: 625 | AD14: 625 | AE14: 625 | AF14: 2519.6375 | AG14: 2519.6375 | AH14: 2519.6375 | AI14: 2519.6375 | AJ14: 3225.4456 | AK14: 3225.4456 | AL14: 3225.4456 | AM14: 3225.4456
A15: CRW012 | B15: Last012 | C15: First012 | D15: First Officer | E15: LAX | F15: 6 | H15: 15383.05 | I15: 15383.05 | J15: 15383.05 | K15: 15383.05 | L15: 13729.372 | M15: 13729.372 | N15: 13729.372 | O15: 13729.372 | P15: 3750 | Q15: 3750 | R15: 3750 | S15: 3750 | T15: 3182.7 | U15: 3182.7 | V15: 3182.7 | W15: 3182.7 | X15: 200 | Y15: 200 | Z15: 200 | AA15: 200 | AB15: 625 | AC15: 625 | AD15: 625 | AE15: 625 | AF15: 2519.6375 | AG15: 2519.6375 | AH15: 2519.6375 | AI15: 2519.6375 | AJ15: 3013.3166 | AK15: 3013.3166 | AL15: 3013.3166 | AM15: 3013.3166
... A68: CRW065 | B68: Last065 | C68: First065 | D68: First Officer | E68: SFO | F68: 24 | H68: 15383.05 | I68: 15383.05 | J68: 15383.05 | K68: 15383.05 | L68: 14135.166 | M68: 14135.166 | N68: 14135.166 | O68: 14135.166 | P68: 3750 | Q68: 3750 | R68: 3750 | S68: 3750 | T68: 3182.7 | U68: 3182.7 | V68: 3182.7 | W68: 3182.7 | X68: 200 | Y68: 200 | Z68: 200 | AA68: 200 | AB68: 6250 | AC68: 6250 | AD68: 6250 | AE68: 6250 | AF68: 2519.6375 | AG68: 2519.6375 | AH68: 2519.6375 | AI68: 2519.6375 | AJ68: 3474.6724 | AK68: 3474.6724 | AL68: 3474.6724 | AM68: 3474.6724
H69: =SUM(H4:H68) | I69: =SUM(I4:I68) | J69: =SUM(J4:J68) | K69: =SUM(K4:K68) | L69: =SUM(L4:L68) | M69: =SUM(M4:M68) | N69: =SUM(N4:N68) | O69: =SUM(O4:O68) | ... AQ69: =SUM(AQ4:AQ68)
